Div,Date,Time,HomeTeam,AwayTeam,FTHG,FTAG,FTR,HTHG,HTAG,HTR,AvgH,AvgD,AvgA,ResultSource,OddsSource
I1,28/08/2026,20:45,Milan,Venezia,2,0,H,0,0,D,1.37,5.00,8.60,https://www.reddit.com/r/soccer/comments/1w12djw/post_match_thread_ac_milan_20_venezia_serie_a/,https://www.sportytrader.com/en/odds/ac-milan-venezia-8522109/
I1,04/09/2026,20:45,Genoa,Como,1,4,A,,,,,,,https://football-italia.net/serie-a-results/,
I1,05/09/2026,15:00,Fiorentina,Torino,1,2,A,,,,,,,https://football-italia.net/serie-a-results/,
I1,05/09/2026,18:00,Inter,Napoli,3,2,H,,,,,,,https://football-italia.net/serie-a-results/,
I1,05/09/2026,20:45,Roma,Atalanta,2,1,H,,,,,,,https://football-italia.net/serie-a-results/,
I1,06/09/2026,15:00,Frosinone,Venezia,3,2,H,,,,,,,https://football-italia.net/serie-a-results/,
I1,06/09/2026,15:00,Parma,Monza,1,1,D,,,,,,,https://football-italia.net/serie-a-results/,
I1,06/09/2026,18:00,Bologna,Sassuolo,2,2,D,,,,,,,https://football-italia.net/serie-a-results/,
I1,06/09/2026,20:45,Juventus,Milan,1,1,D,,,,,,,https://football-italia.net/serie-a-results/,
I1,07/09/2026,18:30,Cagliari,Lecce,1,0,H,,,,,,,https://football-italia.net/serie-a-results/,
I1,07/09/2026,20:45,Udinese,Lazio,1,2,A,,,,,,,https://football-italia.net/serie-a-results/,
